id,Attribute1,Attribute2,Attribute3,Attribute4,Attribute5,Attribute6,Attribute7,Attribute8,Pressure
0,500,8.4,0.0508,39.6,0.00566229,216,4.67638468529418,B,122.905
1,2000,15.4,0.0508,71.3,0.0264269,149,34.4694848937205,b,129.285
2,3150,19.7,0.0508,71.3,0.0341183,230,21.7300410440232,E,116.225
3,1000,11.2,0.0508,39.6,0.0150478,156,6.99709743115317,f,132.43
4,2500,12.6,0.1524,71.3,0.0483159,247,11.2189466503864,E,115.234
5,630,0,0.1016,39.6,0.00146332,246,1.41425994139683,D,125.401
6,800,2.7,0.1524,71.3,0.00243851,182,37.3364029557162,F,127.394
7,8000,4.8,0.0254,39.6,0.000907475,99,37.2354182072158,c,131.346
8,4000,8.4,0.0508,55.5,0.00544854,122,23.181661586625,f,122.612
9,800,12.3,0.1016,39.6,0.0408268,64,8.1533890711229,c,122.315
10,1600,7.3,0.2286,39.6,0.0123481,177,25.1735439723525,F,121.059
11,5000,0,0.2286,71.3,0.00214345,97,33.5032333006371,a,124.304
12,4000,0,0.2286,31.7,0.0027238,173,37.3938104143522,A,122.035
13,10000,3.3,0.1016,55.5,0.002211,73,1.89511275017637,C,115.659
14,800,15.4,0.0508,31.7,0.0289853,118,29.4485765445497,a,125.555
15,5000,12.3,0.1016,55.5,0.0368233,27,15.6871869849139,b,112.014
16,1250,9.5,,55.5,0.0043284,23,34.3167686278623,C,132.202
17,315,17.4,0.0254,71.3,0.016104,215,22.3013560840995,B,115.846
18,250,0,0.3048,31.7,0.00331266,256,27.7522228230866,,118.595
19,500,8.9,0.1016,,0.0103088,197,39.822134094449,b,138.523
20,2000,2.7,0.1524,71.3,0.00243851,215,26.2185897688101,a,130.114
21,6300,7.2,0.1524,71.3,0.00752039,27,10.994123041005,A,116.603
22,2500,3.3,0.1016,31.7,0.00251435,28,22.8253925369554,E,130.392
23,1600,9.9,0.1524,71.3,0.0193001,37,35.274576324469,c,121.789
24,1000,12.3,0.1016,39.6,0.0408268,112,0.762133913873399,e,122.435
25,2000,12.7,0.0254,71.3,0.0121808,202,10.0357801190675,E,134.228
26,10000,1.5,0.3048,71.3,0.00336729,59,31.6336942043767,f,113.492
27,2500,0,0.1524,71.3,0.0015988,254,33.0122291873578,C,128.127
28,315,17.4,0.0254,55.5,0.0165706,210,11.8337564511806,D,111.911
29,400,12.7,0.0254,39.6,0.0130253,171,27.543447627096,a,125.527
30,6300,0,0.3048,39.6,0.00310138,289,20.630041039476,c,116.229
31,3150,22.2,0.0254,39.6,0.0229028,165,14.2689349160258,E,120.856
32,630,2,,71.3,0.00293031,64,32.3380163544707,C,127.356
33,,22.2,0.0254,39.6,0.0229028,17,33.5841697214078,C,137.026
34,630,4,0.2286,71.3,0.00400603,234,18.2785721348738,c,129.038
35,2500,22.2,0.0254,71.3,0.0214178,15,22.6128021922698,B,126.097
36,5000,3.3,0.1016,71.3,0.00202822,56,12.826544239538,C,127.054
37,1000,2,0.2286,39.6,0.00346574,229,4.6900691004574,A,129.147
38,1250,3.3,0.1016,31.7,0.00251435,222,37.6289550235695,E,134.022
39,2500,3.3,0.1016,71.3,0.00202822,186,15.8909779750021,a,133.894
40,3150,7.3,0.2286,71.3,0.0104404,234,26.8937245224879,f,120.458
41,5000,2,0.2286,55.5,0.00313525,16,24.984192759303,e,120.472
42,6300,4.8,0.0254,31.7,0.000930789,188,20.9731520117549,e,132.898
43,8000,4.8,0.0254,31.7,0.000930789,0,4.58905022805194,D,127.008
44,400,15.6,0.1016,39.6,0.0528487,2,3.59424657353216,a,120.484
45,200,15.6,0.1016,71.3,0.0437259,235,30.3243779307427,f,130.898
46,6300,9.9,0.1524,71.3,0.0193001,118,14.1058198971391,A,112.039
47,5000,2,0.2286,39.6,0.00346574,73,22.3173860226153,F,118.827
48,630,4.8,0.0254,31.7,0.000930789,53,21.503442733993,b,120.078
49,315,15.4,0.0508,71.3,0.0264269,198,17.7782148282183,A,126.195
50,1600,7.3,0.2286,71.3,0.0104404,80,21.6121267614751,A,125.728
51,315,2,0.2286,39.6,0.00346574,93,37.4933080411394,D,120.137
52,200,7.3,0.2286,55.5,0.0111706,155,39.6220488683865,a,135.234
53,5000,22.2,0.0254,39.6,0.0229028,44,7.93939685195684,A,118.816
54,2000,4,0.2286,39.6,0.00473801,153,17.0524919478746,e,121.659
55,12500,0,0.1524,71.3,0.0015988,202,1.60859479606619,C,117.087
56,8000,5.4,0.1524,55.5,0.00433288,210,15.8913834216637,e,114.927
57,800,5.3,0.2286,71.3,0.0051942,255,4.99151860156806,F,133.48
58,6300,12.3,0.1016,31.7,0.0418756,69,4.75734324605602,E,107.267
59,500,12.7,0.0254,71.3,0.0121808,60,20.9590469902704,D,126.898
60,6300,9.5,0.0254,39.6,0.00449821,192,39.9088318428058,e,120.324
61,1000,4,0.2286,55.5,0.0042862,218,27.056884402213,e,132.134
62,200,17.4,0.0254,55.5,0.0165706,196,39.2526712442537,E,109.951
63,630,3.3,0.1016,55.5,0.002211,79,13.0594884790934,c,126.599
64,2000,1.5,0.3048,71.3,0.00336729,290,8.64271071791989,a,126.642
65,800,0,0.1524,31.7,0.00209405,21,32.0646846722809,C,129.117
66,,0,0.3048,71.3,0.00266337,164,39.8925147342519,c,117.151
67,8000,3.3,0.1016,31.7,0.00251435,59,11.5836670715054,B,117.432
68,2500,0,0.1524,31.7,0.00209405,263,11.9275070262806,e,125.867
69,800,15.6,0.1016,39.6,0.0528487,118,26.0047594034079,f,118.964
70,500,17.4,0.0254,31.7,0.0176631,292,23.8499781394383,C,127.676
71,1250,3.3,0.1016,39.6,0.00245138,219,0.894920700334995,b,133.211
72,8000,0,0.3048,31.7,0.00331266,245,25.08472491027,f,110.515
73,1600,15.6,0.1016,39.6,0.0528487,258,18.8157897864292,C,114.554
74,250,12.3,0.1016,55.5,0.0368233,126,3.23301132862927,e,133.294
75,2000,7.3,0.2286,55.5,0.0111706,149,9.70728382729496,B,120.354
76,500,5.4,0.1524,71.3,0.00401199,22,16.2739054111985,a,126.291
77,800,0,0.2286,55.5,0.00229336,234,29.1468856396826,f,127.53
78,6300,4,0.2286,55.5,0.0042862,141,25.6500005352525,D,117.154
79,800,0,0.1524,39.6,0.00193287,12,32.2258205787627,C,127.903
80,4000,8.4,0.0508,39.6,0.00566229,100,19.0067463754842,a,118.955
81,800,0,0.1016,39.6,0.00146332,185,20.7109721481709,A,128.401
82,800,2.7,0.1524,39.6,0.00294804,31,4.89799873528624,B,128.829
83,200,12.3,0.1016,39.6,0.0408268,56,39.8771306257905,b,128.545
84,3150,7.3,0.2286,55.5,0.0111706,77,0.79592337293474,C,117.134
85,6300,4.8,0.0254,55.5,0.000873218,0,34.0090848715769,b,135.164
86,10000,0,0.0254,55.5,0.00041229,0,29.7834719582619,E,134.563
87,4000,0,0.0508,31.7,0.000812164,94,1.10435713759552,D,134.11
88,6300,5.4,0.1524,39.6,0.00485029,152,31.5795639845201,b,116.677
89,2000,0,0.0508,31.7,0.000812164,52,33.1496328764778,b,133.01
90,1250,0,0.1524,55.5,0.00172668,200,1.73307231439429,a,129.953
91,2000,22.2,0.0254,71.3,0.0214178,252,33.2366984875819,a,127.197
92,800,3,0.3048,39.6,0.00495741,143,34.9724073455319,e,129.552
93,630,0,0.3048,55.5,0.00283081,140,7.65996394551729,d,127.696
94,3150,15.4,0.0508,31.7,0.0289853,13,24.6581837435737,d,118.045
95,315,12.3,0.1016,71.3,0.0337792,179,8.41559373609022,f,137.068
96,3150,0,0.1524,55.5,0.00172668,68,14.1427105268206,E,127.753
97,4000,12.7,0.0254,71.3,0.0121808,167,3.12166369889676,b,131.808
98,2000,4.8,0.0254,55.5,0.000873218,197,40.2573811057959,c,125.054
99,4000,4.8,0.0254,39.6,0.000907475,163,18.2231940589783,F,134.996
100,1600,0,0.1016,55.5,0.00131983,19,3.35913908170218,d,132.05
101,1600,3,0.3048,71.3,0.00425727,53,25.7359705910226,b,126.514
102,3150,0,0.3048,31.7,0.00331266,146,30.7370556105745,B,119.135
103,630,9.9,0.1524,71.3,0.0193001,59,4.66378157613823,e,129.889
104,3150,0,0.0254,71.3,0.000400682,37,5.70846911202282,A,137.007
105,250,7.3,0.2286,71.3,0.0104404,212,29.2282040522599,b,139.918
106,2000,4,0.3048,71.3,0.00497773,136,39.3440792193367,F,124.395
107,10000,4.8,0.0254,71.3,0.000848633,21,11.8201710666881,A,127.398
108,630,6.7,0.1016,55.5,0.0052139,264,17.6583615232419,C,133.023
109,630,4,0.2286,31.7,0.00509068,84,25.0056790040581,E,130.349
110,3150,4,0.3048,39.6,0.00579636,208,12.867463386361,B,118.743
111,5000,17.4,0.0254,39.6,0.0172206,164,33.5331201620476,a,119.854
112,5000,5.3,0.2286,71.3,0.0051942,189,35.1732695171671,F,118.05
113,1250,3,0.3048,55.5,0.00452492,172,34.283280574579,e,127.329
114,630,9.9,0.1524,31.7,0.0252785,112,32.0543534023193,c,126.049
115,3150,2,0.2286,71.3,0.00293031,209,14.0789353181597,f,126.116
116,3150,0,0.0254,31.7,0.000439472,229,30.7988492735545,B,135.227
117,8000,4,0.2286,71.3,0.00400603,146,20.6189953798162,f,112.848
118,4000,9.9,0.1524,39.6,0.0233328,219,31.2870127152991,F,112.265
119,630,7.3,0.2286,71.3,0.0104404,236,19.5805809929574,E,133.768
120,5000,4,0.2286,31.7,0.00509068,196,27.4668293879626,B,115.969
121,1250,2,0.2286,55.5,0.00313525,250,17.8254981382711,F,128.762
122,6300,4,0.2286,31.7,0.00509068,18,10.9209024712544,C,112.699
123,200,11.2,0.0508,71.3,0.014072,128,9.46689739190317,A,125.941
124,5000,4.8,0.0254,31.7,0.000930789,207,16.5279711360283,C,135.248
125,5000,8.9,0.1016,71.3,0.0103088,260,26.6361865174576,B,116.723
126,250,22.2,0.0254,39.6,0.0229028,206,24.6477786718599,f,117.386
127,2000,12.3,0.1016,55.5,0.0368233,121,35.3383090729488,f,118.564
128,800,0,0.3048,55.5,0.00283081,131,7.65289064099166,f,128.086
129,400,0,0.3048,31.7,0.00331266,44,30.734788839948,D,125.045
130,2500,17.4,0.0254,71.3,0.016104,0,34.3437275339342,C,126.746
131,315,9.5,0.0254,31.7,0.00461377,70,32.7510463507958,E,122.766
132,400,12.3,0.1016,39.6,0.0408268,152,11.1443320837755,d,128.265
133,1000,4,0.2286,31.7,0.00509068,261,38.0120210338465,f,129.869
134,2000,5.4,0.1524,31.7,0.00525474,269,6.23857971763048,C,122.771
135,2500,15.6,0.1016,71.3,0.0437259,135,15.792306294792,d,118.998
136,800,6.7,0.1016,31.7,0.00592927,169,15.3581078164461,E,132.886
137,3150,0,0.0508,55.5,0.00076193,213,20.050112366005,f,134.826
138,4000,12.3,0.1016,31.7,0.0418756,17,35.5100730729591,C,108.407
139,400,3,0.3048,71.3,0.00425727,68,32.5085304237645,f,127.564
140,4000,9.5,0.0254,31.7,0.00461377,205,0.074401234568298,C,126.736
141,3150,3.3,0.1016,55.5,0.002211,193,16.9876681352225,F,130.629
142,8000,0,0.2286,71.3,0.00214345,45,32.9266453944353,f,118.024
143,2000,4,0.3048,39.6,0.00579636,131,28.2851713535285,a,120.963
144,1600,3.3,0.1016,39.6,0.00245138,134,29.2296710005599,A,133.071
145,315,12.3,0.1016,31.7,0.0418756,170,20.3747174995085,D,124.717
146,2000,0,0.0508,71.3,0.000740478,202,16.223002440489,a,131.06
147,5000,0,0.1016,31.7,0.00150092,210,30.8762402029268,c,124.393
148,2500,2.7,0.1524,39.6,0.00294804,269,33.8399874999229,A,125.589
149,12500,0,0.0508,71.3,0.000740478,218,36.8632634731224,F,125.22
150,400,1.5,0.3048,39.6,0.00392107,202,7.33120723504158,E,124.001
151,1250,0,0.0508,55.5,0.00076193,181,28.1111324064859,E,127.076
152,1000,7.3,0.2286,71.3,0.0104404,193,38.1473667364456,d,126.838
153,3150,2,0.2286,55.5,0.00313525,163,7.39674201168941,b,123.742
154,1600,5.4,0.1524,31.7,0.00525474,207,31.0372863445891,F,123.761
155,3150,5.3,0.2286,39.6,0.00614329,230,39.344715987052,F,118.441
156,500,15.6,0.1016,39.6,0.0528487,234,38.0990330692539,A,115.304
157,1000,3.3,0.1016,55.5,0.002211,65,8.56691402257696,E,131.129
158,1000,3,0.3048,39.6,0.00495741,6,12.4302859334436,c,128.312
159,2000,2,0.2286,55.5,0.00313525,223,24.573618809989,B,124.612
160,4000,4.2,0.0508,39.6,0.00152689,223,29.8244973476401,e,131.807
161,2000,0,0.1016,71.3,0.00121072,227,29.6174890985078,F,132.095
162,2000,1.5,0.3048,39.6,0.00392107,100,2.33839200798701,C,122.101
163,800,6.7,0.1016,55.5,0.0052139,121,4.99958038281736,d,135.953
164,1600,7.2,0.1524,39.6,0.00909175,62,21.5598391228584,b,120.058
165,4000,0,0.0508,39.6,0.000791822,168,14.8230399389048,F,135.308
166,630,17.4,0.0254,55.5,0.0165706,205,38.6523846541817,A,122.411
167,12500,0,0.0254,55.5,0.00041229,226,35.1511078171249,C,131.453
168,2500,2,0.2286,31.7,0.00372371,34,15.9449302202612,f,121.407
169,800,2,0.2286,55.5,0.00313525,249,23.7504445650695,A,128.492
170,1600,8.4,0.0508,71.3,0.00529514,205,3.4222658579028,E,133.846
171,3150,9.9,0.1524,31.7,0.0252785,55,39.4436843633441,c,112.209
172,1250,0,0.1016,71.3,0.00121072,193,29.2010013003631,a,130.335
173,6300,12.3,0.1016,39.6,0.0408268,74,31.2150181883228,D,107.985
174,6300,7.3,0.2286,71.3,0.0104404,180,16.7483025832346,B,115.818
175,400,12.3,0.1016,71.3,0.0337792,9,8.95863620415581,,139.428
176,3150,4,0.2286,31.7,0.00509068,4,27.7156969065678,F,120.229
177,5000,7.2,0.1524,71.3,0.00752039,19,2.91030619058834,B,118.343
178,3150,0,0.2286,31.7,0.0027238,243,36.6015672514013,E,123.445
179,3150,19.7,0.0508,39.6,0.036484,247,36.3214746346372,b,113.004
180,2500,12.6,0.1524,39.6,0.0584113,271,3.03622633465027,A,106.88
181,5000,12.3,0.1016,71.3,0.0337792,66,4.39946603138745,f,116.108
182,1250,8.9,0.1016,39.6,0.0124596,38,10.7906319877462,F,127.71
183,4000,3.3,0.1016,71.3,0.00202822,145,4.52079114164675,c,128.704
184,1600,3.3,0.1016,55.5,0.002211,267,27.2186373042934,C,133.649
185,10000,5.3,0.2286,71.3,0.0051942,156,21.7503886999157,c,111.35
186,6300,7.3,0.2286,31.7,0.0132672,129,30.8299209359857,a,110.689
187,8000,3,0.3048,71.3,0.00425727,21,5.91151419969821,D,114.634
188,800,22.2,0.0254,39.6,0.0229028,246,31.2370054914481,F,137.076
189,800,0,0.1016,31.7,0.00150092,252,17.6055947687218,c,129.053
190,3150,4.2,0.0508,39.6,0.00152689,133,5.88062796251329,c,133.587
191,800,17.4,0.0254,39.6,0.0172206,113,33.733342060678,d,135.324
192,1600,0,0.1524,31.7,0.00209405,189,32.451294959803,a,130.817
193,3150,9.9,0.1524,55.5,0.0208438,153,39.6639372159414,a,115.085
194,500,9.5,0.0254,31.7,0.00461377,164,25.8471089677407,C,126.886
195,200,12.3,0.1016,55.5,0.0368233,102,23.3683472449204,A,132.304
196,250,15.4,0.0508,71.3,0.0264269,253,4.63762286286811,C,124.835
197,6300,4.8,0.0254,39.6,0.000907475,58,13.6979444403694,b,134.336
198,2000,5.3,0.2286,71.3,0.0051942,160,24.5748850574681,a,125.89
199,200,15.6,0.1016,39.6,0.0528487,133,21.7183453053233,F,123.514
200,2000,5.3,0.2286,39.6,0.00614329,165,23.8376868030471,b,117.911
201,20000,0,0.2286,71.3,0.00214345,27,7.75637927149223,B,114.474
202,10000,0,0.3048,31.7,0.00331266,107,23.2402908611407,d,108.265
203,,12.3,0.1016,71.3,0.0337792,118,28.511796956788,c,127.928
204,1000,3.3,0.1016,71.3,0.00202822,197,20.3938852542721,e,131.434
205,400,2,0.2286,39.6,0.00346574,229,5.59909660044347,b,122.147
206,1250,3.3,0.1016,55.5,0.002211,160,2.35661432319899,E,132.769
207,5000,4.2,0.0508,39.6,0.00152689,102,19.88943282618,D,129.777
208,6300,,0.0254,71.3,0.000848633,45,20.9716105585339,D,134.498
209,500,4.8,0.0254,31.7,0.000930789,15,27.0972829558781,C,116.128
210,400,22.2,0.0254,39.6,0.0229028,239,18.6407757628002,c,123.416
211,400,5.4,0.1524,71.3,0.00401199,289,37.8372259767527,f,124.121
212,5000,0,,55.5,0.00172668,213,34.0415475559418,b,125.203
213,1250,15.4,0.0508,71.3,0.0264269,15,36.4843345719855,F,130.845
214,250,17.4,0.0254,55.5,0.0165706,224,16.8451439053566,F,110.491
215,500,6.7,0.1016,55.5,0.0052139,85,17.1375223693705,f,129.343
216,4000,8.9,0.1016,39.6,0.0124596,122,30.7859231032128,b,116.22
217,1250,0,0.2286,71.3,0.00214345,131,19.3638659525079,D,128.144
218,800,0,0.0508,31.7,0.000812164,174,31.1524246545326,e,122.79
219,8000,0,0.0508,55.5,0.00076193,222,10.2218049529468,B,130.156
220,20000,0,0.0254,55.5,0.00041229,157,0.945823334407324,A,121.933
221,400,4,0.2286,55.5,0.0042862,256,23.4988137323194,f,123.274
222,6300,0,0.2286,55.5,0.00229336,257,18.4871438176203,C,118.41
223,250,8.9,0.1016,39.6,0.0124596,140,16.9499174042832,e,134.34
224,2000,8.9,0.1016,71.3,0.0103088,111,14.1719493670251,D,124.233
225,5000,0,0.0254,71.3,0.000400682,242,29.5765969921171,D,136.837
226,6300,17.4,0.0254,55.5,0.0165706,170,8.83204771810726,B,114.861
227,1600,2.7,0.1524,39.6,0.00294804,199,4.24182297452299,B,130.049
228,6300,2,0.2286,71.3,0.00293031,70,35.9414343058455,c,120.786
229,250,0,0.3048,39.6,0.00310138,185,10.9993211615688,e,119.319
230,250,9.9,0.1524,39.6,0.0233328,75,34.6579138352738,F,128.335
231,1600,12.3,0.1016,31.7,0.0418756,293,33.80259340985,A,114.477
232,400,0,0.2286,31.7,0.0027238,287,18.2894117554711,D,123.635
233,6300,0,0.0254,39.6,0.000428464,145,13.9509495011347,a,136.826
234,16000,0,0.0254,71.3,0.000400682,231,18.1474785324181,A,130.477
235,12500,0,0.0254,39.6,0.000428464,161,33.7790734085538,B,129.116
236,2000,17.4,0.0254,71.3,0.016104,0,15.6556024094484,C,126.826
237,2000,19.7,0.0508,71.3,0.0341183,109,10.5615599703122,b,120.055
238,1600,2,0.2286,55.5,0.00313525,16,14.4912382466478,f,126.752
239,1000,3,0.3048,71.3,0.00425727,90,15.8668624616076,b,129.004
240,16000,0,0.3048,71.3,0.00266337,227,17.2636868049516,b,108.721
241,2000,17.4,0.0254,55.5,0.0165706,53,21.0402193575391,E,125.261
242,800,11.2,0.0508,39.6,0.0150478,154,33.8547885874147,d,133.79
243,1000,9.5,0.0254,55.5,0.0043284,97,23.491892045361,E,130.332
244,8000,4.8,0.0254,55.5,0.000873218,278,18.330674023295,b,132.184
245,6300,15.4,0.0508,71.3,0.0264269,222,11.020646074143,A,115.215
246,200,12.3,0.1016,31.7,0.0418756,108,2.04672899538145,f,124.987
247,6300,5.4,0.1524,55.5,0.00433288,127,18.2154627042098,e,117.287
248,3150,12.3,0.1016,71.3,0.0337792,24,36.517493327765,A,120.798
249,5000,15.4,0.0508,71.3,0.0264269,128,39.487389201772,B,119.135
250,10000,,0.1524,71.3,0.00243851,146,30.0838055557415,A,116.724
251,6300,7.2,0.1524,39.6,0.00909175,158,30.896350644068,f,112.688
252,6300,0,0.1524,39.6,0.00193287,224,5.81591797423743,E,121.313
253,2000,6.7,0.1016,31.7,0.00592927,42,24.1305677726928,d,120.446
254,5000,4.8,0.0254,55.5,0.000873218,141,9.40564141688441,b,135.484
255,5000,0,0.0508,71.3,0.000740478,134,14.6771796570664,d,134.43
256,2500,3.3,0.1016,39.6,0.00245138,198,31.9078964008506,D,130.791
257,1600,0,0.1016,71.3,0.00121072,216,31.0550258638906,E,131.725
258,315,12.7,0.0254,39.6,0.0130253,133,35.3582419570901,E,123.537
259,1600,5.3,0.2286,71.3,0.0051942,47,34.7737606021717,d,130.46
260,3150,12.6,0.1524,39.6,0.0584113,78,20.4930279946569,D,106.26
261,6300,0,0.2286,39.6,0.00253511,195,2.15264209807071,E,117.465
262,2500,7.3,0.2286,55.5,0.0111706,33,35.2485704812399,D,118.994
263,1000,0,0.2286,55.5,0.00229336,46,5.40959637667794,C,128.29
264,16000,1.5,0.3048,71.3,0.00336729,13,5.04958212028245,b,106.582
265,2000,0,0.2286,71.3,0.00214345,7,9.23762672987184,d,128.244
266,3150,0,0.1524,39.6,0.00193287,244,26.7455437029116,f,125.603
267,250,11.2,0.0508,71.3,0.014072,77,14.956098164975,F,127.101
268,630,3,0.3048,31.7,0.00529514,26,4.70383118057141,e,128.698
269,4000,22.2,0.0254,39.6,0.0229028,167,25.3453794416236,C,119.646
270,630,4,0.2286,55.5,0.0042862,236,6.43807820280711,C,129.964
271,4000,17.4,0.0254,39.6,0.0172206,31,26.7290011119471,c,122.724
272,1600,15.4,0.0508,71.3,0.0264269,231,6.40109865180973,a,130.065
273,1600,0,0.1524,71.3,0.0015988,194,13.8894006097049,f,129.667
274,500,3,0.3048,31.7,0.00529514,265,0.607323674925402,f,127.548
275,3150,3.3,0.1016,39.6,0.00245138,174,24.8104554696548,f,128.401
276,2000,17.4,0.0254,39.6,0.0172206,0,21.4384237660531,E,126.644
277,4000,0,0.1016,55.5,0.00131983,179,30.3691199763249,F,129.5
278,2000,4.8,0.0254,31.7,0.000930789,92,19.5960341286325,D,130.148
279,3150,3.3,0.1016,71.3,0.00202822,164,10.7690259185022,B,132.114
280,1600,8.4,0.0508,39.6,0.00566229,118,11.7369029364102,C,130.965
281,500,15.4,0.0508,31.7,0.0289853,42,11.2527566798086,C,123.695
282,3150,5.4,0.1524,31.7,0.00525474,116,31.8227984139224,E,118.291
283,2000,12.3,0.1016,71.3,0.0337792,120,35.4521623746199,B,122.218
284,630,15.4,0.0508,31.7,0.0289853,272,28.0056594584801,b,124.685
285,630,1.5,0.3048,39.6,0.00392107,249,37.293740423811,a,128.311
286,5000,3,0.3048,31.7,0.00529514,258,9.50521898861824,E,113.858
287,2500,4.8,0.0254,31.7,0.000930789,71,10.2480810024118,f,132.588
288,315,17.4,0.0254,39.6,0.0172206,173,29.794014520439,B,115.144
289,2500,19.7,0.0508,39.6,0.036484,98,9.96204874614415,A,116.184
290,315,3,0.3048,39.6,0.00495741,78,31.6256775833614,f,123.312
291,200,9.5,0.0254,39.6,0.00449821,36,29.4721177741107,f,116.074
292,10000,0,0.0508,39.6,0.000791822,275,19.2619609828295,B,125.998
293,4000,7.3,0.2286,71.3,0.0104404,102,6.81186132715444,e,119.208
294,2000,3,0.3048,31.7,0.00529514,179,16.3172525395205,d,120.088
295,6300,0,0.0254,71.3,0.000400682,261,17.0904499292116,D,134.987
296,1000,7.3,0.2286,55.5,0.0111706,286,23.303109730095,c,125.194
297,500,4.8,0.0254,39.6,0.000907475,220,30.6927254831424,f,116.366
298,1600,22.2,0.0254,39.6,0.0229028,93,10.6698303039987,b,122.216
299,500,7.3,0.2286,71.3,0.0104404,268,2.8794131887821,b,136.798
300,20000,4.8,0.0254,55.5,0.000873218,13,13.1866613798945,A,121.284
301,2000,15.4,0.0508,39.6,0.0282593,240,30.916767790869,a,123.443
302,630,15.4,0.0508,71.3,0.0264269,200,7.04899304167535,C,129.645
303,315,15.4,0.0508,31.7,0.0289853,38,20.6117021922989,a,122.845
304,1250,4,0.2286,31.7,0.00509068,147,23.2994559180695,E,128.119
305,10000,,0.3048,39.6,0.00392107,223,36.3662786968951,E,108.991
306,5000,7.2,0.1524,39.6,0.00909175,221,39.7277811472769,d,113.288
307,630,5.4,0.1524,39.6,0.00485029,38,35.0771392796811,b,132.357
308,1250,0,0.3048,39.6,0.00310138,208,16.1364811327776,f,125.499
309,630,0,0.1524,39.6,0.00193287,72,27.4178370023375,C,124.403
310,400,3,0.3048,31.7,0.00529514,143,19.6186202889831,f,125.398
311,2500,0,0.1016,31.7,0.00150092,50,7.27686694418535,F,132.003
312,400,4,0.3048,71.3,0.00497773,130,37.7764612864773,a,129.575
313,5000,5.4,0.1524,71.3,0.00401199,127,9.81188020229929,d,120.061
314,250,12.3,0.1016,39.6,0.0408268,191,33.8260176697327,e,129.675
315,500,22.2,0.0254,71.3,0.0214178,172,1.58993248120401,f,117.967
316,3150,2.7,0.1524,71.3,0.00243851,203,1.02171645032386,a,127.054
317,400,9.5,0.0254,39.6,0.00449821,245,4.08663330228832,F,121.154
318,1000,8.4,0.0508,55.5,0.00544854,104,20.4106356185328,b,130.722
319,1600,0,0.2286,31.7,0.0027238,85,12.4930104398284,B,125.625
320,4000,0,0.0254,31.7,0.000439472,76,29.440300856931,c,137.047
321,1600,0,0.2286,39.6,0.00253511,14,2.61593423476734,c,127.095
322,1000,3.3,0.1016,39.6,0.00245138,91,37.1784402866334,B,131.971
323,2000,0,0.1016,31.7,0.00150092,81,13.8105386137786,c,133.153
324,3150,4.8,0.0254,55.5,0.000873218,69,29.9569407682858,b,132.354
325,200,9.9,0.1524,39.6,0.0233328,120,18.1703277304917,D,127.315
326,1250,5.4,0.1524,31.7,0.00525474,191,18.5283884406018,A,123.991
327,1600,19.7,0.0508,39.6,0.036484,216,19.1904391221033,f,117.604
328,2000,4.2,0.0508,39.6,0.00152689,51,36.109262547018,a,132.587
329,5000,0,0.3048,31.7,0.00331266,275,13.2214463882031,D,115.645
330,630,3.3,0.1016,39.6,0.00245138,233,7.16477005070116,d,127.251
331,4000,0,0.2286,71.3,0.00214345,118,21.5450820467173,f,125.824
332,1250,0,0.2286,31.7,0.0027238,159,36.0311322763137,A,128.805
333,1250,4,0.3048,39.6,0.00579636,232,33.1787365649301,e,126.343
334,1000,22.2,0.0254,71.3,0.0214178,57,39.966534725134,b,134.247
335,12500,0,0.0254,71.3,0.000400682,205,37.4802908808651,c,133.207
336,8000,0,0.0254,31.7,0.000439472,128,13.8574177916823,A,137.207
337,6300,2.7,0.1524,71.3,0.00243851,134,18.2642296445012,c,121.944
338,1250,9.9,0.1524,39.6,0.0233328,138,33.8507949846508,F,120.555
339,1250,19.7,0.0508,71.3,0.0341183,183,12.7953604237888,A,121.485
340,1600,11.2,0.0508,39.6,0.0150478,121,35.0658704895528,D,126.54
341,400,8.9,0.1016,71.3,0.0103088,181,13.2531260017452,c,138.123
342,1000,17.4,0.0254,31.7,0.0176631,101,37.2931844961264,B,131.796
343,1250,5.3,0.2286,39.6,0.00614329,37,19.3348293953537,B,125.721
344,2500,0,0.1016,39.6,0.00146332,225,2.56058457558578,c,132.611
345,400,8.9,0.1016,39.6,0.0124596,40,1.97575231730306,A,135.54
346,400,4,0.2286,39.6,0.00473801,94,24.5996394966958,b,123.879
347,2500,11.2,0.0508,39.6,0.0150478,11,22.7906478900888,f,122.17
348,1000,2,0.2286,55.5,0.00313525,179,32.2926891367579,E,129.002
349,3150,,0.3048,71.3,0.00266337,149,20.5244264311026,B,125.201
350,2500,2,0.2286,55.5,0.00313525,183,39.9588616999114,D,123.862
351,2500,0,0.0508,31.7,0.000812164,165,20.8308818484925,B,134.87
352,1600,0,0.3048,39.6,0.00310138,297,32.0507330563745,C,124.049
353,250,12.3,0.1016,31.7,0.0418756,214,14.9035926889488,B,125.857
354,1000,5.4,0.1524,71.3,0.00401199,245,8.13475250652189,d,133.201
355,1600,3,0.3048,55.5,0.00452492,258,13.3905134503266,a,124.439
356,6300,4.2,0.0508,71.3,0.00142788,137,15.2156393685166,C,129.308
357,1000,9.9,0.1524,55.5,0.0208438,171,17.522321907711,C,124.665
358,3150,0,0.1016,39.6,0.00146332,146,12.7376874145553,d,130.961
359,4000,12.6,0.1524,71.3,0.0483159,76,3.38208071570973,e,108.034
360,2500,3,0.3048,71.3,0.00425727,237,5.23778484906259,f,124.024
361,2500,9.5,0.0254,39.6,0.00449821,258,30.5048227359716,f,131.234
362,500,0,0.1524,39.6,0.00193287,135,38.430666643671,b,119.513
363,1600,12.3,0.1016,39.6,0.0408268,78,33.9577782992396,F,117.875
364,4000,15.4,0.0508,39.6,0.0282593,271,20.0577732062796,e,118.113
365,800,9.9,0.1524,31.7,0.0252785,269,12.8301671161292,b,125.539
366,2000,0,0.3048,55.5,0.00283081,249,4.46936283587119,A,126.616
367,6300,0,0.2286,31.7,0.0027238,64,4.17252523135604,a,116.815
368,315,0,0.3048,31.7,0.00331266,15,14.6532656307254,B,122.765
369,1000,4,0.3048,71.3,0.00497773,19,18.3815213997982,E,131.015
370,400,7.3,0.2286,31.7,0.0132672,94,10.9453089991115,e,130.269
371,3150,0,0.0508,71.3,0.000740478,262,15.620547219019,B,135.07
372,2500,0,0.0254,71.3,0.000400682,135,23.4663855885703,f,133.707
373,630,19.7,0.0508,39.6,0.036484,244,5.27030821747775,e,120.324
374,4000,9.5,0.0254,55.5,0.0043284,87,13.8271906234791,C,131.582
375,800,8.4,0.0508,39.6,0.00566229,31,12.8633033069722,d,128.435
376,800,4,0.2286,71.3,0.00400603,182,15.2208144095139,E,130.688
377,10000,12.7,0.0254,71.3,0.0121808,52,28.4361360106488,C,114.418
378,10000,4,0.3048,71.3,0.00497773,152,30.9250676229622,D,110.905
379,5000,12.6,0.1524,71.3,0.0483159,272,16.8574014496707,c,108.034
380,4000,9.9,0.1524,55.5,0.0208438,147,24.7864823690137,a,112.945
381,1600,9.5,0.0254,39.6,0.00449821,263,18.1336540975319,e,131.184
382,6300,2,0.2286,39.6,0.00346574,100,15.3592455924134,d,116.417
383,1600,9.5,0.0254,55.5,0.0043284,187,30.6668135863343,B,133.062
384,2000,6.7,0.1016,55.5,0.0052139,241,6.28775411261377,a,129.653
385,250,15.6,0.1016,39.6,0.0528487,284,10.0300388696003,F,124.644
386,630,15.4,0.0508,39.6,0.0282593,239,32.3986656327991,D,127.443
387,1250,22.2,0.0254,39.6,0.0229028,28,32.4392572849885,d,126.446
388,4000,19.7,0.0508,39.6,0.036484,107,26.5404928026345,c,108.684
389,1000,9.9,0.1524,39.6,0.0233328,177,26.3991845823193,C,123.835
390,2500,8.9,0.1016,71.3,0.0103088,248,12.4750612991644,d,123.623
391,1250,4.2,0.0508,39.6,0.00152689,221,26.4707321967837,b,128.427
392,2500,0,0.2286,55.5,0.00229336,122,13.1345897044708,a,126.54
393,8000,4,0.2286,39.6,0.00473801,108,39.9500593091749,d,113.129
394,2500,4,0.2286,71.3,0.00400603,133,24.0631942500548,e,124.338
395,500,0,0.2286,39.6,0.00253511,233,30.8967935383124,e,126.195
396,250,15.6,0.1016,71.3,0.0437259,101,2.54733023796196,F,132.158
397,800,2,0.2286,31.7,0.00372371,146,15.806005105645,D,130.307
398,500,5.3,0.2286,39.6,0.00614329,196,0.821489057193724,F,132.251
399,3150,4,0.3048,71.3,0.00497773,152,38.1156098673108,c,121.775
400,6300,7.3,0.2286,55.5,0.0111706,180,8.48406087791488,C,111.534
401,3150,0,0.2286,39.6,0.00253511,266,26.1241861428104,F,124.625
402,630,7.2,0.1524,39.6,0.00909175,136,16.0317644451853,F,133.198
403,12500,0,0.3048,71.3,0.00266337,165,7.09286152513598,d,112.241
404,8000,2.7,0.1524,71.3,0.00243851,94,20.925880491999,C,120.534
405,5000,17.4,0.0254,71.3,0.016104,43,20.4868962265554,e,123.126
406,1250,1.5,0.3048,71.3,0.00336729,93,0.371413523974792,B,125.872
407,3150,1.5,0.3048,39.6,0.00392107,143,8.30096027510538,F,119.111
408,8000,12.7,0.0254,39.6,0.0130253,131,26.2218393389857,F,120.607
409,800,5.3,0.2286,39.6,0.00614329,196,14.5585934009882,e,129.491
410,315,11.2,0.0508,39.6,0.0150478,105,33.1815642145198,A,128.99
411,4000,0,0.0508,55.5,0.00076193,4,7.73234397399225,E,134.946
412,6300,5.3,0.2286,71.3,0.0051942,121,32.0698248013283,A,116.92
413,400,2,0.2286,55.5,0.00313525,280,28.3934131438144,c,122.292
414,6300,0,0.1016,39.6,0.00146332,186,7.2749973946923,a,125.631
415,1600,4.8,,31.7,0.000930789,232,5.63585890241337,E,128.718
416,1600,4,0.2286,71.3,0.00400603,136,14.0151240664021,a,129.468
417,1250,6.7,0.1016,71.3,0.00478288,187,25.8826060761009,b,137.658
418,800,17.4,0.0254,55.5,0.0165706,2,25.1832301038059,e,123.091
419,500,7.3,0.2286,55.5,0.0111706,188,36.5945246639536,A,133.174
420,3150,12.3,0.1016,39.6,0.0408268,258,17.7460335100965,b,113.055
421,400,15.4,0.0508,39.6,0.0282593,243,9.13856791225044,b,125.353
422,4000,0,0.3048,39.6,0.00310138,91,37.2389344537964,d,119.229
423,1600,0,0.2286,55.5,0.00229336,48,13.9915223929374,B,126.79
424,2000,2.7,0.1524,39.6,0.00294804,203,4.25769437439776,a,128.139
425,1600,17.4,0.0254,55.5,0.0165706,83,23.6179880077888,f,126.471
426,2000,0,0.1524,39.6,0.00193287,56,10.8013995430243,b,129.633
427,315,7.2,0.1524,71.3,0.00752039,144,22.9495167680194,B,128.713
428,5000,1.5,0.3048,71.3,0.00336729,192,19.7111193864779,c,119.632
429,1600,2.7,0.1524,71.3,0.00243851,53,10.9163196405436,b,130.644
430,315,2,0.2286,31.7,0.00372371,58,34.6644744864061,b,120.147
431,500,22.2,0.0254,39.6,0.0229028,47,11.6327993021104,b,129.776
432,400,11.2,0.0508,39.6,0.0150478,77,5.40486085232554,E,130.67
433,2500,1.5,0.3048,71.3,0.00336729,135,39.7423605434747,C,124.512
434,2000,5.4,0.1524,55.5,0.00433288,176,17.4322687042424,a,128.707
435,800,4,0.3048,39.6,0.00579636,87,21.3614879804739,e,130.723
436,1000,0,0.0254,31.7,0.000439472,91,37.1060870977842,C,125.127
437,250,12.3,0.1016,71.3,0.0337792,180,32.454662706443,a,131.568
438,4000,0,0.1524,39.6,0.00193287,299,1.47570087380836,D,125.343
439,1000,3,0.3048,55.5,0.00452492,126,38.7091930418228,E,129.329
440,2000,2,0.2286,31.7,0.00372371,57,8.75383758679793,b,123.037
441,8000,1.5,0.3048,71.3,0.00336729,9,22.6095881522524,f,115.372
442,200,0,0.3048,31.7,0.00331266,189,2.51357442440475,E,117.195
443,315,19.7,0.0508,71.3,0.0341183,214,5.30705325173708,f,121.235
444,10000,0,0.0508,31.7,0.000812164,192,27.9874780531076,D,122.45
445,5000,0,0.0508,31.7,0.000812164,25,10.2176255445787,C,133.23
446,3150,0,0.1016,71.3,0.00121072,266,25.3435335033929,b,131.955
447,1250,12.7,0.0254,39.6,0.0130253,252,13.2671581882767,D,130.777
448,2500,15.4,0.0508,39.6,0.0282593,213,1.65586101525157,D,122.413
449,500,4,0.2286,39.6,0.00473801,29,29.2240397645669,C,127.039
450,2000,5.4,0.1524,39.6,0.00485029,20,15.6026591494874,b,124.647
451,2500,7.2,0.1524,39.6,0.00909175,164,24.6420766848361,A,117.478
452,4000,5.4,0.1524,55.5,0.00433288,54,26.2882349032358,C,119.737
453,800,15.4,0.0508,71.3,0.0264269,246,34.250909675006,A,131.515
454,8000,22.2,0.0254,71.3,0.0214178,231,9.38589274428165,a,121.657
455,630,4.8,0.0254,39.6,0.000907475,1,4.9672572813447,e,118.696
456,400,7.3,0.2286,55.5,0.0111706,260,32.8687096428864,a,135.924
457,1000,9.9,0.1524,71.3,0.0193001,181,27.3995515457281,d,126.349
458,1000,15.6,0.1016,39.6,0.0528487,151,22.9886156025215,f,119.224
459,1000,15.6,0.1016,71.3,0.0437259,10,3.03441861603069,f,124.438
460,1250,0,0.1016,39.6,0.00146332,36,15.1989477413385,A,132.271
461,630,2,0.2286,31.7,0.00372371,263,40.2591433342446,C,129.057
462,8000,3.3,0.1016,39.6,0.00245138,51,29.7520374066205,d,118.091
463,2000,8.4,0.0508,55.5,0.00544854,59,28.8900156636448,C,133.042
464,250,9.9,0.1524,71.3,0.0193001,0,38.0754994949453,E,135.329
465,12500,2.7,0.1524,71.3,0.00243851,121,16.8693324900416,C,113.034
466,315,4,0.3048,71.3,0.00497773,83,8.74597659177929,B,128.175
467,1600,4,0.2286,39.6,0.00473801,257,28.5806784798883,E,125.319
468,4000,12.3,0.1016,71.3,0.0337792,57,2.24987600482428,f,118.018
469,8000,0,0.1524,39.6,0.00193287,96,29.8099566396449,E,120.553
470,10000,0,0.3048,39.6,0.00310138,93,15.5984647020509,D,112.139
471,6300,0,0.0508,55.5,0.00076193,174,21.0323123869267,D,132.796
472,2000,3,0.3048,39.6,0.00495741,52,17.9573559113497,a,120.532
473,1250,0,0.0508,39.6,0.000791822,280,21.4060638614844,f,129.148
474,5000,0,0.1524,71.3,0.0015988,67,1.96202834135278,D,126.457
475,2000,0,0.1016,39.6,0.00146332,133,24.5914821497412,a,133.251
476,3150,15.4,0.0508,39.6,0.0282593,63,8.26276455359854,A,120.513
477,5000,3.3,0.1016,39.6,0.00245138,114,9.80935868744294,d,122.371
478,400,19.7,0.0508,71.3,0.0341183,115,35.3320338879758,f,123.865
479,250,7.3,0.2286,31.7,0.0132672,285,27.5072961313647,F,130.089
480,500,4,0.3048,39.6,0.00579636,257,17.2125099324831,b,130.173
481,500,5.4,0.1524,39.6,0.00485029,4,39.9258223261325,D,129.937
482,1600,22.2,0.0254,71.3,0.0214178,10,7.16121024284244,A,131.817
483,315,7.3,0.2286,39.6,0.0123481,56,4.71753136039402,F,132.149
484,3150,4,0.2286,55.5,0.0042862,183,37.6342143133267,f,122.394
485,5000,9.9,0.1524,71.3,0.0193001,38,29.460110394797,b,114.569
486,400,9.9,0.1524,39.6,0.0233328,135,8.72256265075679,D,128.345
487,800,4,0.2286,31.7,0.00509068,71,10.7979278018618,a,130.869
488,1600,7.3,0.2286,31.7,0.0132672,297,3.61309435561163,f,119.039
489,1250,0,0.0254,31.7,0.000439472,223,21.7865111774981,b,127.947
490,1000,0,0.3048,55.5,0.00283081,118,31.8438681438448,D,126.966
491,5000,15.4,0.0508,55.5,0.0271925,215,18.084665595215,d,117.11
492,1250,9.5,0.0254,31.7,,128,16.3206044976104,F,131.446
493,2000,9.5,0.0254,39.6,0.00449821,89,7.56759952882319,C,131.274
494,315,15.6,0.1016,71.3,0.0437259,254,22.1749229850354,b,133.808
495,630,9.5,0.0254,55.5,0.0043284,257,24.9501279977454,d,125.452
496,10000,4.8,0.0254,55.5,0.000873218,271,17.0624711585071,e,126.944
497,1600,8.9,0.1016,39.6,0.0124596,228,13.447475112557,C,123.82
498,250,4,0.2286,31.7,0.00509068,170,33.0192588263601,c,120.189
499,2500,0,0.1524,55.5,0.00172668,112,3.32487669974859,F,127.763
500,12500,4,0.2286,71.3,0.00400603,231,12.7840116163891,d,114.258
501,1600,0,0.0508,39.6,0.000791822,71,0.306895475947149,C,130.908
502,4000,3,0.3048,39.6,0.00495741,219,20.1996888243321,b,116.792
503,4000,7.3,0.2286,31.7,0.0132672,63,1.29811145461409,f,112.639
504,6300,4,0.3048,71.3,0.00497773,255,35.2803646419974,d,116.165
505,800,12.6,0.1524,71.3,0.0483159,257,11.3786166601129,c,123.054
506,5000,15.6,0.1016,39.6,0.0528487,186,39.496399179071,b,106.224
507,1250,3,0.3048,39.6,0.00495741,192,11.0322088464198,D,125.802
508,1600,8.4,0.0508,55.5,0.00544854,231,32.0157830248072,f,133.032
509,4000,0,0.1016,39.6,0.00146332,149,30.1121853504175,D,127.801
510,2000,6.7,0.1016,39.6,0.00578076,154,39.2986982242802,a,122.235
511,400,8.4,0.0508,31.7,0.00580776,78,37.0299641404453,B,120.076
512,12500,1.5,0.3048,71.3,0.00336729,150,40.2495338926069,a,109.222
513,315,19.7,0.0508,39.6,0.036484,295,23.5972387881707,d,129.864
514,200,17.4,0.0254,39.6,0.0172206,188,16.6918098315034,D,114.044
515,315,4,0.2286,31.7,0.00509068,29,4.79191939471513,B,123.609
516,800,7.3,0.2286,71.3,0.0104404,142,25.86714703113,c,130.748
517,2000,22.2,0.0254,39.6,0.0229028,236,35.7022549259181,b,121.256
518,6300,5.3,0.2286,39.6,0.00614329,132,5.91597024412326,F,112.541
519,2500,5.3,0.2286,39.6,0.00614329,258,24.4499502467846,f,116.151
520,1600,15.4,0.0508,55.5,0.0271925,254,15.8214043754518,D,128.2
521,12500,4.8,0.0254,55.5,0.000873218,192,18.9587305864206,F,125.094
522,2000,3,0.3048,55.5,0.00452492,295,9.95426638679303,C,123.069
523,200,12.3,0.1016,71.3,0.0337792,297,3.56802949320081,c,130.588
524,500,17.4,0.0254,71.3,0.016104,46,29.841590458625,C,119.806
525,315,0,0.2286,31.7,0.0027238,202,12.7077642562895,A,120.595
526,5000,0,0.1016,39.6,0.00146332,269,33.4464822701498,c,126.021
527,2500,0,0.3048,55.5,0.00283081,171,7.15619205032962,a,124.106
528,250,17.4,0.0254,31.7,0.0176631,179,32.5485845919583,C,116.956
529,1250,0,0.0508,31.7,0.000812164,168,21.3949528923117,d,129.27
530,315,7.3,0.2286,71.3,0.0104404,90,0.576496289746134,C,139.808
531,2000,2,0.2286,71.3,0.00293031,56,19.8238502342084,B,126.896
532,400,2,0.2286,71.3,0.00293031,226,39.9691170873161,D,125.116
533,400,22.2,0.0254,71.3,0.0214178,25,32.8411381325031,F,117.927
534,800,0,0.3048,39.6,0.00310138,205,20.0401360368097,b,129.099
535,4000,5.4,0.1524,31.7,0.00525474,103,29.695758283336,b,116.181
536,2000,9.9,0.1524,39.6,0.0233328,194,18.3348343918521,,117.925
537,4000,0,0.1524,31.7,0.00209405,279,22.3356712648467,f,123.807
538,800,8.9,0.1016,39.6,0.0124596,65,22.7324533874426,e,130.94
539,2000,15.6,0.1016,71.3,0.0437259,85,6.09005862245298,e,119.888
540,6300,12.7,0.0254,71.3,0.0121808,248,23.7400597776506,f,125.398
541,1250,4.8,0.0254,39.6,0.000907475,70,17.7054344676972,b,125.026
542,5000,22.2,0.0254,71.3,0.0214178,0,9.13304837097991,B,125.727
543,6300,3,0.3048,71.3,0.00425727,230,28.0998480987839,A,116.134
544,1600,4.8,0.0254,55.5,0.000873218,238,25.8132641683191,A,121.474
545,630,5.3,0.2286,39.6,0.00614329,298,16.2552197876032,,132.011
546,200,15.4,0.0508,71.3,0.0264269,54,1.23082236883218,e,123.595
547,400,7.2,0.1524,39.6,0.00909175,200,29.714403409492,B,132.118
548,5000,0,0.0254,39.6,0.000428464,184,34.203077249783,F,136.536
549,2000,7.2,0.1524,71.3,0.00752039,27,6.61111700525877,E,128.643
550,3150,4.8,0.0254,39.6,0.000907475,238,27.6635567383638,F,133.436
551,12500,0,0.0254,31.7,0.000439472,66,35.4377509362056,b,128.977
552,8000,7.2,0.1524,39.6,,134,28.6142313379667,F,111.588
553,8000,4.2,0.0508,,0.00152689,258,23.2611905100094,b,120.397
554,200,15.4,0.0508,39.6,0.0282593,134,10.2085705095928,A,121.783
555,6300,9.9,0.1524,55.5,0.0208438,235,24.8285292067594,B,110.555
556,315,5.4,,31.7,0.00525474,22,9.46345584757928,B,125.741
557,20000,4.8,0.0254,71.3,0.000848633,298,39.9988058874573,a,119.708
558,5000,12.6,0.1524,39.6,0.0584113,154,7.75001342945291,b,104.13
559,8000,4,0.3048,71.3,0.00497773,180,17.4069863135052,C,113.665
560,200,9.9,0.1524,31.7,0.0252785,290,21.8277329133358,d,127.299
561,2500,0,0.2286,31.7,0.0027238,132,39.3053737653044,b,123.445
562,1000,12.6,0.1524,71.3,0.0483159,282,13.7204800321844,f,122.044
563,400,9.5,0.0254,31.7,0.00461377,176,6.70807186161083,a,124.756
564,1000,9.5,0.0254,71.3,0.00420654,248,13.231671797249,D,129.556
565,6300,0,0.1016,55.5,0.00131983,129,36.3207807514143,A,127.73
566,250,11.2,0.0508,39.6,0.0150478,133,31.5909690742595,f,126.43
567,200,12.6,0.1524,39.6,0.0584113,270,5.56764012854658,c,114.75
568,400,15.6,0.1016,71.3,0.0437259,146,28.4879724439838,B,134.058
569,1250,4,0.2286,55.5,0.0042862,195,27.1297512258482,B,131.264
570,2500,3,0.3048,55.5,0.00452492,212,33.7583542841815,e,122.439
571,2000,3.3,0.1016,31.7,0.00251435,20,6.53516918101562,e,131.642
572,6300,3,0.3048,31.7,0.00529514,192,8.97194663054057,D,109.718
573,10000,0,0.1016,39.6,0.00146332,84,14.7307773565755,c,119.561
574,4000,7.2,0.1524,39.6,0.00909175,71,30.3364008561349,d,114.258
575,8000,3,0.3048,55.5,0.00452492,112,20.3263977814293,f,113.799
576,5000,4.8,0.0254,71.3,0.000848633,114,10.3072087933164,a,135.468
577,1000,11.2,0.0508,71.3,0.014072,31,37.5554183653964,e,136.941
578,3150,4.2,0.0508,71.3,0.00142788,286,5.75816210137214,a,133.728
579,2500,7.2,0.1524,71.3,0.00752039,40,2.92424573603304,f,124.353
580,4000,15.6,0.1016,71.3,0.0437259,84,9.59323451997119,c,113.298
581,2500,0,0.1016,71.3,0.00121072,176,13.8951104319576,E,132.595
582,1600,7.3,0.2286,55.5,0.0111706,296,33.0075722768772,E,123.354
583,800,3,0.3048,71.3,0.00425727,248,17.434837245373,a,129.494
584,1600,0,0.0508,55.5,0.00076193,125,14.5596654870017,E,128.576
585,800,4,0.2286,39.6,0.00473801,236,19.6449647948078,E,130.469
586,1000,22.2,0.0254,39.6,0.0229028,217,,e,128.416
587,1000,8.4,0.0508,31.7,0.00580776,127,32.0768811274649,F,129.516
588,800,8.4,0.0508,31.7,0.00580776,212,35.9379014538486,e,128.246
589,1600,8.9,0.1016,71.3,0.0103088,57,26.268671868897,a,128.763
590,630,19.7,0.0508,71.3,0.0341183,129,1.6674217241734,A,128.365
591,4000,3.3,0.1016,55.5,0.002211,164,0.645110148802048,b,127.229
592,6300,8.9,0.1016,39.6,0.0124596,291,22.026733294883,c,113.11
593,1000,9.5,0.0254,39.6,0.00449821,178,26.420832531701,d,130.374
594,315,8.9,0.1016,71.3,0.0103088,178,34.4550178140222,a,136.583
595,2500,9.9,0.1524,71.3,0.0193001,198,38.512091294997,d,119.639
596,2000,3,0.3048,71.3,0.00425727,56,10.8894039726524,B,125.524
597,2500,8.4,0.0508,55.5,0.00544854,138,35.7050892530308,b,131.542
598,2500,0,0.0254,31.7,0.000439472,81,31.9077646105182,C,132.897
599,500,12.3,0.1016,71.3,0.0337792,198,37.3680433691696,F,140.158
600,3150,0,0.1524,71.3,0.0015988,188,11.0748774642858,F,129.377
601,800,4.8,0.0254,31.7,0.000930789,250,31.5732873496173,f,122.648
602,630,5.4,0.1524,31.7,0.00525474,172,24.5904514703809,f,131.471
603,2000,9.5,0.0254,71.3,0.00420654,130,14.3904046788278,D,134.976
604,2000,9.5,0.0254,55.5,0.0043284,278,35.6325775665088,D,134.052
605,10000,0,0.1524,39.6,0.00193287,4,20.7462213701676,F,115.413
606,1600,12.6,0.1524,71.3,0.0483159,47,1.37025348794359,C,120.534
607,250,5.3,0.2286,39.6,0.00614329,147,2.07487232014463,c,127.011
608,4000,0,0.0254,,0.00041229,272,4.52468823755179,f,133.223
609,3150,12.3,0.1016,31.7,0.0418756,103,25.6775465119427,e,110.307
610,5000,7.3,0.2286,71.3,0.0104404,112,20.3916386992298,E,115.298
611,4000,7.3,0.2286,55.5,0.0111706,5,25.6841085570083,A,117.284
612,315,22.2,0.0254,39.6,0.0229028,120,0.29659590661388,D,120.716
613,12500,4,0.3048,71.3,0.00497773,160,25.127278513653,b,107.405
614,4000,9.9,0.1524,31.7,0.0252785,239,23.2883384628064,B,111.459
615,2500,8.4,0.0508,39.6,0.00566229,197,27.3234548680601,E,127.465
616,800,7.3,0.2286,39.6,0.0123481,142,11.7220687849498,f,126.299
617,315,12.7,0.0254,71.3,0.0121808,284,1.08654777878534,e,122.938
618,2000,3.3,0.1016,71.3,0.00202822,268,15.4055557567544,B,134.034
619,1600,12.6,0.1524,39.6,0.0584113,213,13.4557229499757,A,110.78
620,4000,2,0.2286,39.6,0.00346574,45,6.87933613935643,B,120.227
621,5000,12.7,0.0254,71.3,0.0121808,278,25.9451161111698,c,128.978
622,4000,12.7,0.0254,39.6,0.0130253,51,15.5879832233586,b,126.537
623,800,9.9,0.1524,71.3,0.0193001,94,0.896263973110911,F,128.879
624,800,0,0.0508,55.5,0.00076193,227,23.7844339153617,b,124.336
625,630,0,0.1524,31.7,0.00209405,40,6.73689793696558,D,125.997
626,5000,9.9,0.1524,31.7,0.0252785,207,38.5377102874339,c,109.949
627,800,0,0.3048,71.3,0.00266337,170,19.0868810854248,b,126.201
628,1250,15.4,0.0508,31.7,0.0289853,60,10.5469011762868,E,123.255
629,1250,17.4,0.0254,39.6,0.0172206,36,33.1449904372478,f,131.364
630,3150,17.4,0.0254,39.6,0.0172206,58,27.2380911790816,a,123.564
631,5000,4,0.2286,55.5,0.0042862,46,36.5392408753598,A,120.034
632,1250,3,0.3048,71.3,0.00425727,121,29.8349226160121,E,127.634
633,5000,0,0.2286,55.5,0.00229336,252,8.89143377702898,F,122.41
634,2500,11.2,0.0508,71.3,0.014072,243,,f,130.541
635,800,2,0.2286,71.3,0.00293031,61,7.47836964440279,C,128.216
636,1600,15.6,0.1016,71.3,0.0437259,165,16.6012887600377,E,121.528
637,4000,15.6,0.1016,39.6,0.0528487,254,3.67852078516125,B,106.604
638,1600,6.7,0.1016,55.5,0.0052139,57,0.199863683405537,A,133.653
639,1000,12.7,0.0254,39.6,0.0130253,12,25.2242694235998,c,130.947
640,5000,0,0.1016,55.5,0.00131983,11,38.937551487583,F,128.36
641,1250,5.3,0.2286,71.3,0.0051942,55,38.8326874199776,a,133.38
642,1250,2,0.2286,71.3,0.00293031,5,11.73724888516,B,128.816
643,10000,0,0.0508,71.3,0.000740478,276,1.5511986672354,d,128.74
644,8000,0,0.3048,55.5,0.00283081,41,28.943523914281,F,116.476
645,1600,8.4,0.0508,31.7,0.00580776,46,9.49612437776596,c,129.296
646,500,6.7,0.1016,39.6,0.00578076,152,24.3790113283556,d,130.955
647,400,9.9,0.1524,31.7,0.0252785,96,11.2837956918057,A,128.939
648,3150,17.4,0.0254,71.3,0.016104,224,21.259171065782,D,126.536
649,1600,0,0.3048,71.3,0.00266337,95,5.33244793735797,C,127.591
650,1600,3,0.3048,39.6,0.00495741,72,10.8655211129616,C,122.782
651,2000,8.4,0.0508,31.7,0.00580776,262,25.2978929282241,f,127.686
652,2500,4,0.2286,31.7,0.00509068,194,1.97549191671253,B,120.209
653,1600,2,0.2286,31.7,0.00372371,270,4.11078734751983,a,125.797
654,630,12.6,0.1524,71.3,0.0483159,264,21.9806568799699,d,123.304
655,1250,4.8,0.0254,31.7,0.000930789,206,38.4681950953266,a,127.408
656,630,6.7,0.1016,71.3,0.00478288,22,24.9191398283855,E,131.448
657,3150,5.3,0.2286,71.3,0.0051942,111,37.9975149424138,A,123.12
658,8000,0,0.1016,31.7,0.00150092,279,28.0366803779148,E,120.193
659,4000,0,0.2286,39.6,0.00253511,163,13.9289175305218,d,123.465
660,2500,4,0.2286,39.6,0.00473801,200,0.506092263276273,f,119.649
661,800,3.3,0.1016,71.3,0.00202822,94,18.6482746249769,f,131.074
662,1600,7.2,0.1524,71.3,,15,1.24643625847116,D,130.893
663,800,0,0.1524,71.3,0.0015988,113,7.95574312497553,B,125.817
664,6300,0,0.3048,31.7,0.00331266,172,28.5399793126826,B,113.775
665,8000,0,0.0254,39.6,0.000428464,139,5.11333586816722,d,135.866
666,2000,0,0.2286,31.7,0.0027238,191,4.90583732144339,D,123.455
667,630,9.9,0.1524,55.5,0.0208438,48,31.8319605591767,a,127.315
668,400,3,0.3048,55.5,0.00452492,21,0.493372979935637,f,126.159
669,800,15.6,0.1016,71.3,0.0437259,86,27.9738786853538,d,124.188
670,630,0,0.1016,55.5,0.00131983,178,29.4638183346556,F,126.17
671,2500,5.4,0.1524,39.6,0.00485029,267,15.6034741430048,C,120.497
672,10000,3,0.3048,55.5,0.00452492,117,23.8379555915847,e,112.169
673,2500,4.8,0.0254,71.3,0.000848633,142,35.91959651773,d,130.828
674,315,17.4,0.0254,31.7,0.0176631,104,35.6806821002049,f,118.416
675,2000,11.2,0.0508,71.3,0.014072,142,38.3646967412373,a,133.311
676,250,12.6,0.1524,71.3,0.0483159,120,22.3154139976496,B,129.744
677,3150,3,0.3048,39.6,0.00495741,69,23.64547571639,D,118.922
678,3150,4.8,0.0254,71.3,0.000848633,278,33.9026692119597,e,133.378
679,3150,22.2,0.0254,71.3,0.0214178,36,19.1244892994503,d,124.127
680,4000,0,0.3048,71.3,0.00266337,64,12.5416640276308,a,123.061
681,1250,0,0.1524,31.7,0.00209405,244,18.0403652068319,F,131.467
682,4000,11.2,0.0508,71.3,0.014072,198,15.2612116082892,a,122.471
683,4000,19.7,0.0508,71.3,0.0341183,74,14.3668589203247,c,113.045
684,315,9.9,0.1524,71.3,0.0193001,204,4.30595425142861,E,135.459
685,2500,15.4,0.0508,31.7,0.0289853,276,4.32140553309569,B,119.945
686,4000,0,0.1016,71.3,0.00121072,69,1.9857552598162,D,130.935
687,250,7.3,0.2286,55.5,0.0111706,124,9.69889277179335,D,136.384
688,1000,12.3,0.1016,31.7,0.0418756,26,11.0230021846621,c,119.777
689,4000,4,0.2286,31.7,0.00509068,31,4.90374740861758,d,118.859
690,4000,3,0.3048,31.7,0.00529514,94,24.8257427649863,a,115.608
691,6300,4,0.2286,39.6,0.00473801,216,10.1278461425271,d,114.249
692,2000,4,0.2286,71.3,0.00400603,110,16.3560082476016,A,126.218
693,6300,12.3,0.1016,55.5,0.0368233,70,37.5335957630257,D,110.124
694,250,7.2,0.1524,39.6,0.00909175,194,33.8386702232987,C,127.488
695,500,17.4,0.0254,39.6,0.0172206,142,1.92491630352763,D,117.514
696,2500,2,0.2286,39.6,0.00346574,203,31.2980600172215,d,121.397
697,6300,0,0.1016,31.7,0.00150092,247,25.8655014999001,e,124.253
698,500,15.6,0.1016,71.3,0.0437259,263,15.4534117108949,F,130.638
699,6300,9.5,0.0254,55.5,0.0043284,211,38.5280633838989,B,124.222
700,2000,7.3,0.2286,71.3,0.0104404,190,23.7294713979348,d,122.708
701,500,0,0.1524,55.5,0.00172668,135,14.0028807454778,f,120.573
702,2000,0,0.1524,31.7,0.00209405,253,3.87231347942622,f,128.907
703,3150,2.7,0.1524,39.6,0.00294804,241,34.7021455815203,b,122.919
704,16000,4.8,0.0254,71.3,0.000848633,280,24.9833264986185,F,124.208
705,250,15.4,0.0508,39.6,0.0282593,72,20.2503212781444,C,122.893
706,1250,17.4,0.0254,31.7,0.0176631,257,7.81218924406592,B,128.306
707,3150,5.4,0.1524,71.3,0.00401199,9,18.3157288063377,e,123.311
708,3150,3.3,0.1016,31.7,0.00251435,219,27.5405471136969,e,128.252
709,200,22.2,0.0254,39.6,0.0229028,131,3.7568252655137,C,116.066
710,250,12.7,0.0254,39.6,0.0130253,232,34.1363432779568,B,121.547
711,2500,19.7,0.0508,71.3,0.0341183,276,37.7203731536899,F,118.385
712,1250,4,0.3048,71.3,0.00497773,166,37.6608759475086,B,129.395
713,1250,4,0.2286,39.6,0.00473801,107,6.9248520907052,B,128.339
714,2500,0,0.3048,31.7,0.00331266,82,8.07990559682361,F,120.755
715,800,12.7,0.0254,71.3,0.0121808,65,29.5512493873982,d,130.348
716,2000,8.9,0.1016,39.6,0.0124596,276,20.1182186948507,e,119.04
717,1250,12.3,0.1016,39.6,0.0408268,286,,F,121.165
718,2500,7.3,0.2286,31.7,0.0132672,33,4.18502342615633,E,114.709
719,200,11.2,0.0508,39.6,0.0150478,206,28.7367798588887,C,125.01
720,250,17.4,0.0254,39.6,0.0172206,194,31.0765486702166,B,114.714
721,2500,17.4,0.0254,55.5,0.0165706,43,16.0625825445826,d,124.931
722,5000,3.3,0.1016,31.7,0.00251435,19,1.02406824348919,b,122.082
723,6300,7.3,0.2286,39.6,0.0123481,293,7.42562368233195,C,110.839
724,12500,4.2,0.0508,71.3,0.00142788,240,16.5520524230528,f,117.328
725,500,15.4,0.0508,71.3,0.0264269,173,37.763888282966,a,127.285
726,1250,8.9,0.1016,71.3,0.0103088,,17.1689221649444,c,132.793
727,400,8.4,0.0508,39.6,0.00566229,183,33.7665708032815,d,120.015
728,16000,0,0.0254,31.7,0.000439472,299,40.1670344371346,A,125.627
729,800,5.4,0.1524,31.7,0.00525474,41,1.65277742122392,D,131.491
730,1000,19.7,0.0508,71.3,0.0341183,83,31.8607278665313,b,121.885
731,500,4,0.2286,31.7,0.00509068,78,25.6870872311814,B,128.939
732,2500,22.2,0.0254,39.6,0.0229028,30,7.90349001437455,F,121.306
733,16000,4.8,0.0254,55.5,0.000873218,151,3.66729245450948,c,124.394
734,8000,17.4,0.0254,71.3,0.016104,56,20.4364881060752,d,115.466
735,6300,0,0.1524,71.3,0.0015988,129,36.2185051746483,A,125.427
736,4000,17.4,0.0254,71.3,0.016104,153,39.0804421677818,e,125.586
737,3150,8.9,0.1016,39.6,0.0124596,277,33.7109976021514,F,119.35
738,1250,9.9,0.1524,55.5,0.0208438,231,8.6507269855941,e,121.635
739,1000,5.4,0.1524,39.6,0.00485029,153,28.8545138777082,C,130.507
740,315,9.9,0.1524,55.5,0.0208438,10,1.3474822138779,a,132.355
741,6300,5.4,0.1524,31.7,0.00525474,154,25.9428488387225,C,115.591
742,500,15.4,0.0508,55.5,0.0271925,222,9.55350767012108,b,127.22
743,800,0,0.1524,55.5,0.00172668,42,21.1757808950584,F,126.713
744,1250,8.4,0.0508,71.3,0.00529514,273,39.7927357693301,B,132.086
745,3150,2,0.2286,39.6,0.00346574,74,31.2000698614275,b,121.627
746,5000,15.4,0.0508,31.7,0.0289853,259,31.4937702566762,e,112.355
747,4000,0,0.0508,71.3,0.000740478,240,0.025689419616808,B,134.43
748,800,12.6,0.1524,39.6,0.0584113,59,14.2854218696886,E,116.56
749,630,8.4,0.0508,31.7,0.00580776,45,39.1699320509327,b,125.856
750,400,19.7,0.0508,39.6,0.036484,140,39.4702421999191,f,130.614
751,6300,12.7,0.0254,39.6,0.0130253,193,8.64166365354481,A,123.177
752,2500,4.8,0.0254,39.6,0.000907475,141,2.44110114352156,A,131.236
753,5000,17.4,0.0254,31.7,0.0176631,,35.4278344603209,A,117.996
754,1000,0,0.1524,71.3,0.0015988,221,22.7983775769473,e,127.307
755,500,5.4,0.1524,31.7,0.00525474,5,36.3782198637799,C,129.681
756,1000,3,0.3048,31.7,0.00529514,80,12.2347729512513,f,126.838
757,630,4,0.3048,71.3,0.00497773,248,19.3996893918409,c,131.615
758,5000,9.5,0.0254,31.7,0.00461377,217,23.4503203710436,a,124.426
759,12500,0,0.0508,55.5,0.00076193,,27.5993023653947,A,125.376
760,630,12.7,0.0254,71.3,0.0121808,230,28.2509132635205,f,128.878
761,500,11.2,0.0508,39.6,0.0150478,69,36.5323820646869,E,131.96
762,500,19.7,0.0508,39.6,0.036484,297,15.1909524494314,a,128.444
763,2500,0,0.1016,55.5,0.00131983,133,0.560089611911749,d,133.04
764,10000,7.2,0.1524,39.6,0.00909175,216,26.8059273264502,f,110.868
765,3150,7.2,0.1524,71.3,0.00752039,15,34.9255152198805,E,116.783
766,1600,4,0.3048,71.3,0.00497773,,27.4077962232894,a,126.645
767,3150,3,0.3048,71.3,0.00425727,79,5.11124292239543,e,121.514
768,5000,4.8,0.0254,39.6,0.000907475,239,38.9595663549896,A,135.426
769,800,7.2,0.1524,39.6,0.00909175,88,18.0879708821268,d,132.358
770,1250,0,0.1016,55.5,0.00131983,66,14.1559473232554,e,131.43
771,8000,4,0.2286,55.5,0.0042862,110,11.2098048266788,a,112.524
772,8000,0,0.1524,55.5,0.00172668,24,12.1932343521805,e,121.903
773,500,0,0.1524,31.7,0.00209405,144,23.0085007757109,E,121.617
774,630,8.9,0.1016,39.6,0.0124596,206,32.1600988970354,e,131.92
775,3150,0,0.1016,31.7,0.00150092,87,22.8599385847913,C,129.973
776,6300,1.5,0.3048,39.6,0.00392107,210,11.6697965652267,a,114.751
777,630,8.4,0.0508,55.5,0.00544854,119,38.4909016172865,F,126.152
778,2500,7.3,0.2286,39.6,0.0123481,198,17.8449949805099,B,116.559
779,2000,9.5,0.0254,31.7,0.00461377,265,0.628488794060565,d,130.496
780,5000,0,0.3048,39.6,0.00310138,77,38.6851419279962,D,117.789
781,630,11.2,0.0508,39.6,0.0150478,265,26.1711926375979,B,133.13
782,8000,3.3,0.1016,55.5,0.002211,126,3.69179612109389,B,120.569
783,8000,0,0.0254,71.3,0.000400682,257,24.8476481397388,A,129.867
784,250,12.6,0.1524,39.6,0.0584113,189,25.2843793482957,A,115.89
785,2000,12.3,0.1016,31.7,0.0418756,69,36.1281195567303,b,110.447
786,1250,12.3,0.1016,55.5,0.0368233,294,35.0795402465057,F,124.214
787,1000,0,0.0508,31.7,0.000812164,279,14.4977171535952,B,126.78
788,8000,15.4,0.0508,71.3,0.0264269,188,6.06933459551067,b,112.675
789,630,5.4,0.1524,55.5,0.00433288,122,26.1631963788542,f,131.807
790,630,12.3,0.1016,55.5,0.0368233,155,36.2958718483602,f,124.244
791,1600,1.5,0.3048,71.3,0.00336729,265,21.5757365227127,b,126.632
792,1250,2.7,0.1524,71.3,0.00243851,113,4.54079140317229,c,130.144
793,6300,0,0.1524,31.7,0.00209405,5,28.8300149704458,d,119.737
794,3150,4,0.2286,39.6,0.00473801,247,11.9379797654206,a,120.419
795,1250,0,0.2286,39.6,0.00253511,269,23.6400796116894,d,129.395
796,800,3,0.3048,31.7,0.00529514,137,18.3415415921373,e,128.708
797,4000,4.8,0.0254,31.7,,266,20.7147381771382,A,135.328
798,1600,12.7,0.0254,39.6,0.0130253,170,26.9903620063333,D,129.977
799,2500,8.4,0.0508,71.3,0.00529514,130,21.6037493303015,D,134.226
800,5000,0,0.1524,31.7,0.00209405,151,10.425597103414,a,122.397
801,1000,6.7,0.1016,71.3,0.00478288,215,26.3657486524233,E,136.758
802,400,4,0.3048,39.6,0.00579636,245,1.09793304480719,E,128.633
803,3150,8.4,0.0508,71.3,0.00529514,22,1.00088352249752,d,131.966
804,4000,4,0.3048,71.3,0.00497773,281,39.3180548470063,D,119.535
805,6300,3.3,0.1016,71.3,0.00202822,259,17.6502705866338,F,124.904
806,2000,15.6,0.1016,39.6,0.0528487,257,26.3258501435437,d,110.894
807,500,3,0.3048,39.6,0.00495741,126,33.5206364490591,E,127.632
808,1600,0,0.2286,71.3,0.00214345,24,10.0699059632109,F,129.134
809,2500,3,0.3048,39.6,0.00495741,202,5.48299306245102,D,120.162
810,400,6.7,0.1016,31.7,0.00592927,108,18.1452589218058,f,128.296
811,1250,15.4,0.0508,55.5,0.0271925,125,20.5198470264516,c,130
812,10000,0,0.2286,71.3,0.00214345,66,5.97014927030503,B,118.134
813,1000,2,0.2286,31.7,,189,29.5045847526454,B,130.307
814,1000,0,0.3048,39.6,0.00310138,165,35.7695150708153,B,127.899
815,1600,0,0.0508,31.7,0.000812164,224,22.6198229018253,b,131.01
816,630,0,0.2286,31.7,0.0027238,299,25.6148473204516,A,129.465
817,200,9.9,0.1524,55.5,0.0208438,84,23.1542944431384,e,131.955
818,500,0,0.3048,39.6,0.00310138,158,1.22855978286911,a,126.959
819,6300,9.5,0.0254,31.7,0.00461377,240,9.97545400864363,D,120.726
820,2500,12.3,0.1016,39.6,0.0408268,121,17.8147353230687,E,113.315
821,400,9.5,0.0254,55.5,0.0043284,74,12.1900653101871,B,120.952
822,2000,11.2,0.0508,39.6,0.0150478,124,4.80968140993585,a,124.42
823,4000,4,0.2286,,0.00473801,158,11.0783786903166,B,119.159
824,500,9.5,0.0254,39.6,0.00449821,198,37.5518150860477,f,123.894
825,16000,0,0.2286,71.3,0.00214345,168,30.0318628149455,A,114.984
826,1000,7.3,0.2286,39.6,0.0123481,262,20.1307999760675,D,122.539
827,1250,15.6,0.1016,71.3,0.0437259,272,39.3923385314716,f,123.178
828,1000,15.4,0.0508,71.3,0.0264269,188,26.5076546045496,f,131.865
829,2500,0,0.0508,71.3,0.000740478,223,8.99004121229839,A,131.31
830,250,15.4,0.0508,31.7,0.0289853,289,17.4556873646218,e,121.225
831,5000,2,0.2286,31.7,0.00372371,27,38.4684852898916,f,118.267
832,4000,1.5,0.3048,71.3,0.00336729,3,29.9954108578857,A,121.762
833,400,8.4,0.0508,55.5,0.00544854,1,39.3547906541948,C,121.582
834,1600,5.4,0.1524,71.3,0.00401199,206,32.1962358312097,B,133.241
835,250,19.7,0.0508,39.6,0.036484,238,20.6410497571621,C,127.224
836,1000,8.9,0.1016,71.3,0.0103088,291,21.5892521730967,F,135.433
837,800,6.7,0.1016,39.6,0.00578076,2,37.679372627551,c,134.625
838,500,6.7,0.1016,31.7,0.00592927,74,36.7941953140879,F,130.206
839,630,8.4,0.0508,39.6,0.00566229,144,32.7388099145263,D,126.045
840,315,9.9,0.1524,39.6,0.0233328,280,35.5997468874384,E,128.595
841,800,0,0.1016,71.3,0.00121072,123,18.7421605528963,b,126.805
842,1250,6.7,0.1016,55.5,0.0052139,250,39.8972095284564,B,136.883
843,3150,7.2,0.1524,39.6,0.00909175,290,17.8700708785321,e,111.818
844,6300,17.4,0.0254,71.3,0.016104,2,7.32651739984526,c,119.916
845,4000,0,0.2286,55.5,0.00229336,291,36.3304825833179,a,123.41
846,1600,4.8,0.0254,39.6,0.000907475,79,26.0494320164078,f,125.966
847,315,6.7,0.1016,31.7,0.00592927,280,36.0594092846782,a,126.266
848,315,8.9,0.1016,39.6,0.0124596,176,13.8917038054827,F,135.38
849,1250,0,0.0508,71.3,0.000740478,212,4.05364595390428,c,128.56
850,1250,12.6,0.1524,71.3,0.0483159,100,33.6832687681803,D,120.154
851,4000,4.8,0.0254,55.5,0.000873218,214,34.0613668693357,C,133.924
852,4000,12.3,0.1016,55.5,0.0368233,154,20.5085979258126,E,114.404
853,1000,0,0.2286,31.7,0.0027238,153,8.76555828253489,e,130.595
854,2000,4.8,0.0254,71.3,0.000848633,54,5.6587662953102,A,128.398
855,8000,0,0.0254,55.5,0.00041229,197,22.3378381433663,B,136.163
856,1000,1.5,0.3048,71.3,0.00336729,110,35.4596930467893,A,125.992
857,5000,0,0.3048,55.5,0.00283081,121,25.3427059126426,d,119.606
858,400,0,0.2286,39.6,0.00253511,232,12.46786874963,A,123.565
859,1250,8.4,0.0508,55.5,0.00544854,220,27.0073773502659,C,132.252
860,8000,0,0.0508,71.3,0.000740478,52,30.3022426180312,f,130.89
861,800,17.4,0.0254,71.3,0.016104,39,32.7433508015286,F,124.276
862,10000,3,0.3048,71.3,0.00425727,227,1.45337347346832,A,110.224
863,2500,4,0.3048,71.3,0.00497773,255,28.4112888080045,F,123.775
864,2500,12.3,0.1016,55.5,0.0368233,209,25.7589455910011,c,117.054
865,1250,0,0.2286,55.5,0.00229336,249,1.3874173462118,C,127.91
866,630,2,0.2286,39.6,0.00346574,190,37.6239732876322,C,127.417
867,3150,0,0.3048,39.6,0.00310138,154,8.10782690234353,D,120.319
868,2500,5.4,0.1524,31.7,0.00525474,81,6.82374760126472,C,119.151
869,1600,3.3,0.1016,31.7,0.00251435,81,8.31293523404024,c,133.402
870,16000,2.7,0.1524,71.3,0.00243851,60,29.9752660416911,C,110.364
871,500,2,0.2286,31.7,0.00372371,265,1.96938818600144,A,126.677
872,630,0,0.1524,55.5,0.00172668,274,36.8342577117467,A,123.583
873,3150,3,0.3048,55.5,0.00452492,252,1.91103960777715,a,120.189
874,2500,15.6,0.1016,39.6,0.0528487,78,4.00809063525094,F,110.264
875,10000,0,0.1016,71.3,0.00121072,213,33.5040372107697,e,123.305
876,2000,15.4,0.0508,31.7,0.0289853,0,15.0325002016132,C,120.835
877,3150,9.9,0.1524,39.6,0.0233328,239,27.4563752425773,F,113.525
878,3150,12.7,0.0254,39.6,0.0130253,232,10.8993312291094,E,127.847
879,200,15.4,0.0508,55.5,0.0271925,70,1.74581241145648,f,122.94
880,1250,19.7,0.0508,39.6,0.036484,6,38.1888043728474,F,118.634
881,6300,0,0.3048,55.5,0.00283081,284,32.4297594747082,c,117.976
882,630,12.7,0.0254,39.6,0.0130253,8,30.4297158228632,d,128.867
883,1600,3,0.3048,31.7,0.00529514,151,10.4301713969113,D,122.088
884,1000,15.4,0.0508,31.7,0.0289853,10,11.0946320848793,B,124.525
885,3150,17.4,0.0254,55.5,0.0165706,292,12.3952402844066,e,124.101
886,400,12.6,0.1524,71.3,0.0483159,213,15.2280552915534,f,127.094
887,315,11.2,0.0508,71.3,0.014072,230,17.0945220149741,A,128.381
888,400,15.4,0.0508,55.5,0.0271925,284,14.6717137433542,f,126.5
889,500,7.2,0.1524,71.3,0.00752039,90,37.6114468143161,d,132.043
890,2500,4.8,0.0254,55.5,0.000873218,292,21.4574331924452,E,129.144
891,5000,3,0.3048,39.6,0.00495741,282,13.0161357797421,A,115.792
892,10000,0,0.0508,55.5,0.00076193,178,38.3323319368768,A,127.636
893,1250,0,0.1016,31.7,0.00150092,214,22.0519388272588,C,133.063
894,10000,0,0.0254,31.7,0.000439472,87,3.21469282123176,d,134.227
895,2000,4,0.2286,55.5,0.0042862,229,29.2425724606411,C,124.254
896,1000,4,0.3048,39.6,0.00579636,27,18.9593783696986,A,128.723
897,1600,0,0.1016,39.6,0.00146332,14,26.4556854289548,f,133.261
898,3150,7.3,0.2286,31.7,0.0132672,277,31.6258937638666,b,113.229
899,4000,7.2,0.1524,71.3,0.00752039,263,4.13292985789373,f,119.343
900,10000,4.8,0.0254,39.6,0.000907475,77,29.7662170726941,D,126.066
901,4000,2,0.2286,31.7,0.00372371,168,10.1726475719499,f,120.527
902,10000,0,0.1016,31.7,0.00150092,68,14.6415840809011,e,115.893
903,6300,0,0.1016,71.3,0.00121072,151,2.15368904311943,c,129.395
904,8000,1.5,0.3048,39.6,0.00392107,80,28.6340275820182,f,112.251
905,630,6.7,0.1016,31.7,0.00592927,5,7.77331546303315,d,132.116
906,1250,9.9,0.1524,71.3,0.0193001,17,14.9010339183968,c,122.679
907,8000,3.3,0.1016,71.3,0.00202822,202,4.76598979018162,a,121.234
908,400,2,0.2286,31.7,0.00372371,4,37.8519444998379,d,123.417
909,1250,0,0.1524,39.6,0.00193287,115,19.4625550500891,d,131.023
910,800,7.3,0.2286,31.7,0.0132672,23,6.85020567747865,F,123.209
911,4000,17.4,0.0254,31.7,0.0176631,203,8.45076263119662,F,121.996
912,400,17.4,0.0254,31.7,0.0176631,298,7.88586489239572,f,120.766
913,800,2,0.2286,39.6,0.00346574,295,5.67587374683123,b,129.037
914,5000,8.4,0.0508,71.3,0.00529514,159,32.3203065977244,e,121.146
915,630,17.4,0.0254,71.3,0.016104,71,14.1132486686994,A,122.606
916,2500,17.4,0.0254,31.7,0.0176631,252,16.2355362544591,F,124.166
917,400,0,0.3048,39.6,0.00310138,102,22.290883612322,C,124.809
918,1000,9.5,0.0254,31.7,0.00461377,12,26.0252343375154,B,131.346
919,3150,4,0.2286,71.3,0.00400603,281,23.6430419069437,A,124.108
920,3150,0,0.0508,31.7,0.000812164,1,22.3322890491275,e,135.49
921,10000,0,0.3048,71.3,0.00266337,29,39.8197624330121,e,115.391
922,400,15.4,0.0508,71.3,0.0264269,67,4.95818981025434,b,126.805
923,6300,9.5,0.0254,71.3,0.00420654,32,3.72071328841632,c,127.246
924,1250,1.5,0.3048,39.6,0.00392107,15,0.42808412627051,A,125.211
925,2000,4.2,0.0508,71.3,0.00142788,244,12.6349545295275,C,129.848
926,1250,9.5,0.0254,71.3,0.00420654,176,26.529231225526,C,131.656
927,315,15.6,0.1016,39.6,0.0528487,62,1.56709367231696,D,122.754
928,250,9.5,0.0254,39.6,0.00449821,74,30.9341456832661,C,116.924
929,4000,9.5,0.0254,71.3,0.00420654,61,19.8251496528231,b,134.236
930,5000,4.2,0.0508,71.3,0.00142788,244,11.1051579314045,a,132.828
931,2500,5.4,0.1524,55.5,0.00433288,97,27.8553085526516,F,124.077
932,2000,0,0.2286,55.5,0.00229336,13,19.244488004145,f,126.54
933,1250,17.4,0.0254,55.5,0.0165706,293,23.8153306316553,A,129.301
934,1000,0,0.0508,55.5,0.00076193,175,19.0825756222855,E,125.586
935,5000,5.4,0.1524,31.7,0.00525474,120,30.1840179614806,B,115.691
936,5000,3,0.3048,55.5,0.00452492,199,27.2997330407958,C,117.309
937,6300,0,0.0508,71.3,0.000740478,236,1.1003828748769,C,133.04
938,4000,15.4,0.0508,31.7,0.0289853,191,33.1289931806379,E,115.635
939,500,3,0.3048,71.3,0.00425727,149,11.3204034626269,d,128.454
940,400,5.3,0.2286,39.6,0.00614329,32,32.0056925182932,b,131.221
941,630,3,0.3048,39.6,0.00495741,90,33.3716760925992,b,129.292
942,4000,0,0.3048,55.5,0.00283081,130,4.07128000822278,D,121.106
943,800,12.3,0.1016,71.3,0.0337792,155,27.3535208667855,a,127.318
944,500,5.4,0.1524,55.5,0.00433288,39,24.9815532115841,,129.367
945,4000,5.3,0.2286,71.3,0.0051942,151,16.8894594645656,B,120.33
946,1600,5.3,0.2286,39.6,0.00614329,146,40.2150990249863,C,123.081
947,315,0,0.2286,55.5,0.00229336,116,29.3790254614335,b,119.54
948,6300,15.4,0.0508,39.6,0.0282593,222,37.3728794596438,e,109.663
949,2500,5.3,0.2286,71.3,0.0051942,142,38.2512923761916,f,123.74
950,2500,0,0.0254,55.5,0.00041229,170,20.9333052406562,E,130.073
951,4000,5.3,0.2286,39.6,0.00614329,123,32.2195845605033,C,115.801
952,3150,8.4,0.0508,55.5,0.00544854,194,,a,128.402
953,6300,3.3,0.1016,55.5,0.002211,27,27.9016157323519,d,123.839
954,8000,2,0.2286,71.3,0.00293031,79,28.8925137537511,c,115.996
955,4000,22.2,0.0254,71.3,0.0214178,257,10.463817178071,B,123.917
956,1000,12.7,0.0254,71.3,0.0121808,233,4.70152108088584,A,131.698
957,5000,4,0.3048,71.3,0.00497773,136,24.8705301281702,f,117.785
958,6300,3.3,0.1016,39.6,0.00245138,14,30.5951371403162,C,120.851
959,1600,5.4,0.1524,55.5,0.00433288,285,1.07164597333566,c,130.567
960,8000,5.3,0.2286,71.3,0.0051942,22,6.3107984802715,c,114.9
961,1000,15.4,0.0508,39.6,0.0282593,218,20.8524729616003,c,127.893
962,2000,12.6,0.1524,39.6,0.0584113,160,2.07696578248045,a,109.52
963,2500,4.2,0.0508,39.6,0.00152689,151,25.005488001233,C,133.847
964,800,19.7,0.0508,39.6,0.036484,161,11.6533918793745,A,119.174
965,8000,0,0.1016,71.3,0.00121072,209,6.13985606549583,d,125.465
966,400,17.4,0.0254,55.5,0.0165706,134,28.3477836425118,d,115.461
967,1600,17.4,0.0254,31.7,0.0176631,55,20.6808026509104,A,126.846
968,4000,11.2,0.0508,39.6,0.0150478,98,35.2900894509735,f,115.52
969,2000,0,0.0254,55.5,0.00041229,287,12.8087331826061,d,127.623
970,1250,17.4,0.0254,71.3,0.016104,253,2.99614806798596,a,126.356
971,800,12.3,0.1016,31.7,0.0418756,277,25.3924280888118,d,120.037
972,800,9.5,0.0254,55.5,0.0043284,32,7.0029268539486,D,128.082
973,4000,0,0.0254,71.3,0.000400682,215,17.3188218833245,f,138.557
974,8000,0,0.0508,31.7,0.000812164,118,28.8363184570299,b,126.59
975,2500,4,0.2286,55.5,0.0042862,84,5.89134580342749,f,122.384
976,500,0,0.2286,55.5,0.00229336,159,22.1372142690068,d,123.78
977,800,1.5,0.3048,39.6,0.00392107,225,32.0824254221744,a,128.831
978,500,9.9,0.1524,71.3,0.0193001,0,37.5536165220622,D,131.279
979,800,15.4,0.0508,39.6,0.0282593,297,31.160928474567,E,128.423
980,10000,7.2,0.1524,71.3,0.00752039,293,26.0080708209869,e,110.313
981,1250,7.3,0.2286,71.3,0.0104404,188,27.651470084648,e,127.358
982,4000,1.5,0.3048,39.6,0.00392107,44,27.6935349262988,F,117.741
983,1600,9.5,0.0254,31.7,0.00461377,62,7.5775962507975,E,131.036
984,1250,7.3,0.2286,39.6,0.0123481,115,9.08356302397527,b,123.189
985,2500,4.2,0.0508,71.3,0.00142788,276,33.691649455729,b,131.978
986,5000,12.7,0.0254,39.6,0.0130253,221,29.8416840460786,b,125.107
987,1250,2,0.2286,31.7,0.00372371,179,23.3495226520779,B,128.677
988,1600,0,0.3048,31.7,0.00331266,193,36.4657965008069,a,122.365
989,800,6.7,0.1016,71.3,0.00478288,103,12.1458072159278,b,134.478
990,10000,2,0.2286,71.3,0.00293031,25,36.423569153731,E,113.086
991,315,15.4,0.0508,55.5,0.0271925,114,6.45383813190598,B,125.39
992,500,12.3,0.1016,31.7,0.0418756,33,2.4062256575546,c,118.667
993,5000,9.5,0.0254,71.3,0.00420654,245,32.8176932457323,E,131.186
994,5000,5.3,0.2286,39.6,0.00614329,39,0.859884181033582,f,115.311
995,1000,4,0.2286,39.6,0.00473801,281,11.6091801684077,e,129.969
996,500,2,0.2286,39.6,0.00346574,113,35.0457842373445,f,125.157
997,2500,0,0.0508,39.6,0.000791822,136,15.5195140586366,E,134.938
998,3150,9.5,0.0254,55.5,0.0043284,273,37.8592376746377,c,133.252
999,2000,12.3,0.1016,39.6,0.0408268,48,5.74913477802868,E,114.085
1000,400,3,0.3048,39.6,0.00495741,135,,a,125.472
1001,2000,8.4,0.0508,71.3,0.00529514,,12.0907955533056,B,134.476
1002,12500,0,0.3048,55.5,0.00283081,273,2.01398995629725,A,111.076
1003,3150,17.4,0.0254,31.7,0.0176631,9,8.71952484740951,d,123.466
1004,4000,15.4,0.0508,71.3,0.0264269,125,21.011952496149,b,122.675
1005,8000,0,0.1524,31.7,0.00209405,244,0.898872172836345,a,117.957
1006,5000,9.9,0.1524,39.6,0.0233328,34,26.7387040120154,f,111.135
1007,2500,3,0.3048,31.7,0.00529514,144,6.89908276142312,C,119.598
1008,500,2,0.2286,71.3,0.00293031,197,36.6611781635966,d,126.486
1009,630,12.6,0.1524,39.6,0.0584113,109,11.6035982601242,d,116.55
1010,630,5.4,0.1524,71.3,0.00401199,267,17.8504508882499,d,128.971
1011,800,5.4,0.1524,71.3,0.00401199,279,16.5525907640069,f,131.281
1012,2000,9.9,0.1524,71.3,0.0193001,88,9.17289431600261,e,120.779
1013,500,12.6,0.1524,71.3,0.0483159,34,33.5099101954775,E,121.664
1014,4000,0,0.1016,31.7,0.00150092,129,29.7771954588736,a,126.933
1015,2500,3.3,0.1016,55.5,0.002211,157,34.5660465090235,a,132.889
1016,250,7.3,0.2286,39.6,0.0123481,152,29.8052852860102,A,131.889
1017,1250,15.4,0.0508,39.6,0.0282593,190,19.1200564878041,b,126.743
1018,1000,17.4,0.0254,55.5,0.0165706,44,0.674675226652904,A,126.001
1019,5000,9.9,0.1524,55.5,0.0208438,121,28.4452436722153,b,112.065
1020,10000,4.2,0.0508,39.6,0.00152689,50,20.4624528163238,d,116.967
1021,630,15.6,0.1016,71.3,0.0437259,126,1.61930304712472,A,122.288
1022,800,17.4,0.0254,31.7,0.0176631,173,9.64294863180921,D,139.226
1023,630,3,0.3048,71.3,0.00425727,265,13.5699633907583,F,129.354
1024,1600,11.2,0.0508,71.3,0.014072,144,8.32401502784371,b,135.191
1025,2000,7.3,0.2286,31.7,0.0132672,265,1.81696121587055,F,115.309
1026,5000,12.3,0.1016,39.6,0.0408268,,2.73057780243132,a,108.625
1027,2000,0,0.0508,39.6,0.000791822,235,1.07116297880648,f,132.918
1028,5000,0,0.0254,55.5,0.00041229,220,5.53408182413723,B,135.803
1029,800,3,0.3048,55.5,0.00452492,52,32.2458493755323,c,129.949
1030,1600,4.2,0.0508,71.3,0.00142788,13,14.4193596054218,a,124.318
1031,3150,1.5,0.3048,71.3,0.00336729,226,23.5922830520196,c,123.392
1032,500,11.2,0.0508,71.3,0.014072,267,17.3036899750381,E,130.311
1033,6300,2.7,0.1524,39.6,0.00294804,261,26.2652690909329,E,119.209
1034,1250,11.2,0.0508,71.3,0.014072,118,18.2979505022847,d,136.191
1035,250,4,0.3048,39.6,0.00579636,227,27.749395202237,A,123.543
1036,1600,1.5,0.3048,39.6,0.00392107,225,28.9501583940765,C,122.211
1037,4000,5.4,0.1524,71.3,0.00401199,54,19.6007269015066,e,121.431
1038,3150,12.6,0.1524,71.3,0.0483159,,18.3336716106372,E,113.334
1039,16000,4,0.2286,71.3,0.00400603,164,21.3296470526101,f,112.768
1040,2500,12.3,0.1016,71.3,0.0337792,134,35.29386452246,d,121.318
1041,800,7.2,0.1524,71.3,0.00752039,214,30.2975616152792,a,136.023
1042,4000,9.5,0.0254,39.6,0.00449821,256,39.8480040741475,B,127.864
1043,630,7.2,0.1524,71.3,0.00752039,32,,a,134.853
1044,1250,2,0.2286,39.6,0.00346574,113,29.4245875814423,E,128.257
1045,1000,4.8,0.0254,39.6,0.000907475,279,22.7944813354204,F,122.956
1046,800,8.9,0.1016,71.3,0.0103088,274,32.1263844434203,C,137.813
1047,12500,0,0.0508,39.6,0.000791822,80,7.86999533917368,D,123.988
1048,1250,8.4,0.0508,31.7,0.00580776,68,36.234303827043,C,130.156
1049,1250,22.2,0.0254,71.3,0.0214178,18,33.2457893615052,E,140.987
1050,1250,5.4,0.1524,55.5,0.00433288,286,16.0822980574546,a,130.777
1051,1000,9.9,0.1524,31.7,0.0252785,249,27.4542817729465,F,122.149
